<?xml version="1.0" encoding="UTF-8"?>
<project-private xmlns="http://www.netbeans.org/ns/project-private/1">
    <editor-bookmarks xmlns="http://www.netbeans.org/ns/editor-bookmarks/2" lastBookmarkId="0"/>
    <open-files xmlns="http://www.netbeans.org/ns/projectui-open-files/2">
        <group>
            <file>file:/F:/Programming/AUST/Semester%203-1/CSE3104%20Database%20Lab/Concert%20Mania%20Project%206/ConcertMania/src/concertmanagementsystem/ConcertInfo.java</file>
            <file>file:/F:/Programming/AUST/Semester%203-1/CSE3104%20Database%20Lab/Concert%20Mania%20Project%206/ConcertMania/src/concertmanagementsystem/RefundTicket.java</file>
            <file>file:/F:/Programming/AUST/Semester%203-1/CSE3104%20Database%20Lab/Concert%20Mania%20Project%206/ConcertMania/src/concertmanagementsystem/UserHomePage.java</file>
            <file>file:/F:/Programming/AUST/Semester%203-1/CSE3104%20Database%20Lab/Concert%20Mania%20Project%206/ConcertMania/src/concertmanagementsystem/UserProfile.java</file>
            <file>file:/F:/Programming/AUST/Semester%203-1/CSE3104%20Database%20Lab/Concert%20Mania%20Project%206/ConcertMania/src/concertmanagementsystem/AdminPage.java</file>
            <file>file:/F:/Programming/AUST/Semester%203-1/CSE3104%20Database%20Lab/Concert%20Mania%20Project%206/ConcertMania/src/concertmanagementsystem/BuyTicket.java</file>
            <file>file:/F:/Programming/AUST/Semester%203-1/CSE3104%20Database%20Lab/Concert%20Mania%20Project%206/ConcertMania/src/concertmanagementsystem/Log_In.java</file>
        </group>
    </open-files>
</project-private>
